{
  "int4": {
    "benchmark": "mmlu",
    "score": 0.05,
    "total_energy": 930.6620000000257,
    "energy_per_token": 0.36353984375001,
    "throughput": 121.9667669465466,
    "total_time": 20.98932409286499,
    "total_tokens": 2560,
    "component_energy": {
      "embeddings": 10065.432470245842,
      "attention": 289623.32852605917,
      "ffn": 314088.6066125804,
      "layernorm": 11922.770591757531,
      "output_layer": 0.0
    },
    "subject_metrics": {},
    "carbon_emissions": 28.436894444445233
  }
}