{
  "fp16": {
    "benchmark": "mmlu",
    "score": 0.05,
    "total_energy": 693.7829999999958,
    "energy_per_token": 0.2710089843749984,
    "throughput": 139.57557911697376,
    "total_time": 18.341317415237427,
    "total_tokens": 2560,
    "component_energy": {
      "embeddings": 9573.616188531638,
      "attention": 278968.6843512984,
      "ffn": 271331.9110701573,
      "layernorm": 13610.604972821719,
      "output_layer": 0.0
    },
    "subject_metrics": {},
    "carbon_emissions": 21.198924999999875,
    "energy_savings": 28.146043792841212
  },
  "int8": {
    "benchmark": "mmlu",
    "score": 0.95,
    "total_energy": 787.835000000021,
    "energy_per_token": 0.3077480468750082,
    "throughput": 123.50223702642397,
    "total_time": 20.72836947441101,
    "total_tokens": 2560,
    "component_energy": {
      "embeddings": 13483.199753294462,
      "attention": 363801.7269199197,
      "ffn": 321587.42277651303,
      "layernorm": 12372.0924333222,
      "output_layer": 0.0
    },
    "subject_metrics": {},
    "carbon_emissions": 24.07273611111175,
    "energy_savings": 18.405233929818415
  },
  "int4": {
    "benchmark": "mmlu",
    "score": 0.0,
    "total_energy": 965.5460000000312,
    "energy_per_token": 0.3771664062500122,
    "throughput": 125.34576128363256,
    "total_time": 20.42350673675537,
    "total_tokens": 2560,
    "component_energy": {
      "embeddings": 13474.515635164731,
      "attention": 330648.81916026375,
      "ffn": 358169.726212657,
      "layernorm": 12317.220935960302,
      "output_layer": 0.0
    },
    "subject_metrics": {},
    "carbon_emissions": 29.502794444445396
  }
}